{"DisplayName":"iOS 18.0","DefaultProperties":{"CODE_SIGN_ENTITLEMENTS":"","ENTITLEMENTS_REQUIRED":"YES","KASAN_DEFAULT_CFLAGS":"$(KASAN_CFLAGS_CLASSIC)","KASAN_DEFAULT_CFLAGS[arch=arm64]":"$(KASAN_CFLAGS_TBI)","KASAN_DEFAULT_CFLAGS[arch=arm64e]":"$(KASAN_CFLAGS_TBI)","DEAD_CODE_STRIPPING":"YES","GCC_THUMB_SUPPORT":"YES","SUPPORTED_DEVICE_FAMILIES":"1,2","TAPI_VERIFY_MODE":"Pedantic","TEST_LIBRARY_SEARCH_PATHS":"$(inherited) $(PLATFORM_DIR)\/Developer\/usr\/lib","PLATFORM_NAME":"iphoneos","KASAN_CFLAGS_CLASSIC":"-DKASAN=1 -DKASAN_CLASSIC=1 -fsanitize=address -mllvm -asan-globals-live-support -mllvm -asan-force-dynamic-shadow","CODE_SIGNING_REQUIRED":"YES","IPHONEOS_DEPLOYMENT_TARGET":"18.0","CODE_SIGN_IDENTITY":"Apple Development","KASAN_CFLAGS_TBI":"-DKASAN=1 -DKASAN_TBI=1 -fsanitize=kernel-hwaddress -mllvm -hwasan-recover=0 -mllvm -hwasan-instrument-atomics=0 -mllvm -hwasan-instrument-stack=1 -mllvm -hwasan-generate-tags-with-calls=1 -mllvm -hwasan-instrument-with-calls=1 -mllvm -hwasan-use-short-granules=0 -mllvm -hwasan-memory-access-callback-prefix=__asan_","TEST_FRAMEWORK_SEARCH_PATHS":"$(inherited) $(PLATFORM_DIR)\/Developer\/Library\/Frameworks $(SDKROOT)\/Developer\/Library\/Frameworks","TAPI_USE_SRCROOT":"YES","ENTITLEMENTS_DESTINATION":"Signature","DEFAULT_COMPILER":"com.apple.compilers.llvm.clang.1_0","DEPLOYMENT_TARGET_SUGGESTED_VALUES":["12.0","13.0","14.0","15.0","16.0","17.0","18.0"],"AD_HOC_CODE_SIGNING_ALLOWED":"NO"},"MinimalDisplayName":"18.0","Version":"18.0","IsBaseSDK":"YES","SupportedTargets":{"iphoneos":{"LLVMTargetTripleVendor":"apple","DeploymentTargetSettingName":"IPHONEOS_DEPLOYMENT_TARGET","SwiftConcurrencyMinimumDeploymentTarget":"15.0","Archs":["arm64e","arm64"],"LLVMTargetTripleEnvironment":"","ClangRuntimeLibraryPlatformName":"ios","MaximumDeploymentTarget":"18.0.99","BuildVersionPlatformID":"2","DefaultDeploymentTarget":"18.0","LLVMTargetTripleSys":"ios","DeviceFamilies":[{"Identifier":"1","Name":"phone","DisplayName":"iPhone"},{"Identifier":"2","Name":"pad","DisplayName":"iPad"}],"MinimumDeploymentTarget":"12.0","SwiftOSRuntimeMinimumDeploymentTarget":"12.2","PlatformFamilyDisplayName":"iOS","RecommendedDeploymentTarget":"15.0","PlatformFamilyName":"iOS","ValidDeploymentTargets":["12.0","13.0","14.0","15.0","16.0","17.0","18.0"],"SystemPrefix":""}},"PropertyConditionFallbackNames":["embedded"],"DefaultDeploymentTarget":"18.0","MaximumDeploymentTarget":"18.0.99","DebuggerOptions":{"SupportsViewDebugging":"YES"},"CanonicalName":"iphoneos18.0","CustomProperties":{}}